{
  "vtkClass": "vtkPolyData",
  "points": {
      "vtkClass": "vtkPoints",
      "name": "points",
      "numberOfComponents": 3,
      "dataType": "Float32Array",
      "ref": {
         "encode": "LittleEndian",
         "basepath": "data",
         "id": "Float32_24030-45aabeb79ce45e9523295c6ec374c088"
      },
      "size": 24030
    },
  "polys": {
      "vtkClass": "vtkCellArray",
      "name": "polys",
      "numberOfComponents": 1,
      "dataType": "Int32Array",
      "ref": {
         "encode": "LittleEndian",
         "basepath": "data",
         "id": "Int32_48432-53693ab34a630789c467d663b62e307c"
      },
      "size": 48432
    },
  "pointData": {
    "vtkClass": "vtkDataSetAttributes",
    "arrays": [
      { "data": {
      "vtkClass": "vtkDataArray",
      "name": "Normals",
      "numberOfComponents": 3,
      "dataType": "Float32Array",
      "ref": {
         "encode": "LittleEndian",
         "basepath": "data",
         "id": "Float32_24030-8dbfe0d53fd7753c9332a8ec6380f7cb"
      },
      "size": 24030
    }}
    ],
    "activeTCoords": -1,
    "activeScalars": -1,
    "activeNormals": 0,
    "activeGlobalIds": -1,
    "activeTensors": -1,
    "activePedigreeIds": -1,
    "activeVectors": -1
  }}
